"","MonitoringLocationIdentifier","Date","HydrologicCondition","Month","Year","Nitrogen_mg.L","Phosphate_mg.L","Sediments_mg.L"
"1","USGS-01631000",1974-10-01,"Not determined",10,1974,1.3,0.92,NA
"2","USGS-01631000",1974-08-01,"Not determined",8,1974,0.65,0.89,NA
"3","USGS-01631000",1974-02-01,"Not determined",2,1974,NA,0.03,NA
"4","USGS-01631000",1974-07-14,"Not determined",7,1974,0.84,0.83,NA
"5","USGS-01631000",2006-06-13,"Stable, low stage",6,2006,0.6,0.153,5
"6","USGS-01631000",1974-03-17,"Not determined",3,1974,NA,0.46,NA
"7","USGS-01631000",1974-04-15,"Not determined",4,1974,NA,0.46,NA
"8","USGS-01631000",1974-06-24,"Not determined",6,1974,NA,0.25,NA
"9","USGS-01631000",1974-07-01,"Not determined",7,1974,1.3,0.67,NA
"10","USGS-01631000",1974-08-15,"Not determined",8,1974,1.8,1.2,NA
"11","USGS-01631000",2006-06-28,"Peak stage",6,2006,0.81,0.245,521
"12","USGS-01631000",2006-04-03,"Stable, normal stage",4,2006,0.89,0.015,2
"13","USGS-01631000",2012-09-19,"Falling stage",9,2012,0.46,0.009,3
"14","USGS-01631000",1974-06-15,"Not determined",6,1974,0.69,0.28,NA
"15","USGS-01631000",1974-09-01,"Not determined",9,1974,1.3,0.8,NA
"16","USGS-01631000",1974-05-01,"Not determined",5,1974,NA,0.43,NA
"17","USGS-01631000",1974-09-15,"Not determined",9,1974,1.5,1.1,NA
"18","USGS-01631000",1973-10-15,"Not determined",10,1973,NA,0.98,NA
"19","USGS-01631000",1973-10-01,"Not determined",10,1973,NA,0.67,NA
"20","USGS-01631000",1998-07-22,"Stable, normal stage",7,1998,0.6,0.215,3
"21","USGS-01631000",1998-04-21,"Falling stage",4,1998,0.9,0.144,65
"22","USGS-01631000",1974-01-15,"Not determined",1,1974,NA,0.25,NA
"23","USGS-01631000",1974-05-15,"Not determined",5,1974,NA,0.28,NA
"24","USGS-01631000",1974-04-01,"Not determined",4,1974,NA,0.34,NA
"25","USGS-01631000",1998-05-07,"Falling stage",5,1998,0.87,0.153,24
"26","USGS-01631000",1974-10-15,"Not determined",10,1974,1.5,1.2,NA
"27","USGS-01631000",1974-03-01,"Not determined",3,1974,NA,0.31,NA
"28","USGS-01631000",1974-02-15,"Not determined",2,1974,NA,0.25,NA
"29","USGS-01631000",1975-03-01,"Not determined",3,1975,1.4,0.4,NA
"30","USGS-01631000",1998-05-13,"Stable, normal stage",5,1998,0.84,0.19,26
"31","USGS-01631000",1998-09-17,"Stable, low stage",9,1998,0.5,0.175,2
"32","USGS-01631000",1975-03-21,"Not determined",3,1975,NA,NA,351
"33","USGS-01631000",1975-04-01,"Not determined",4,1975,1.6,0.25,NA
"34","USGS-01631000",1975-04-15,"Not determined",4,1975,1.2,0.25,NA
"35","USGS-01631000",1975-06-15,"Not determined",6,1975,1.4,0.83,NA
"36","USGS-01631000",2013-08-21,"Falling stage",8,2013,0.86,0.015,4
"37","USGS-01631000",1975-07-15,"Not determined",7,1975,1.6,0.58,NA
"38","USGS-01631000",2019-10-24,"Stable, normal stage",10,2019,0.63,0.009,NA
"39","USGS-01631000",1975-10-15,"Not determined",10,1975,0.97,0.28,NA
"40","USGS-01631000",1975-08-01,"Not determined",8,1975,0.68,0.49,NA
"41","USGS-01631000",1975-05-01,"Not determined",5,1975,1.2,0.4,NA
"42","USGS-01631000",1999-10-01,"Falling stage",10,1999,1.25,0.389,300
"43","USGS-01631000",2007-10-15,"Stable, low stage",10,2007,0.13,0.181,1
"44","USGS-01631000",1975-05-15,"Not determined",5,1975,1.1,0.37,NA
"45","USGS-01631000",2007-04-16,"Rising stage",4,2007,1.24,0.031,131
"46","USGS-01631000",2007-03-17,"Rising stage",3,2007,1.48,0.092,94
"47","USGS-01631000",1999-08-12,"Stable, low stage",8,1999,0.18,0.601,5
"48","USGS-01631000",1975-09-01,"Not determined",9,1975,1.4,0.4,NA
"49","USGS-01631000",1975-08-15,"Not determined",8,1975,1.2,0.71,NA
"50","USGS-01631000",1975-06-01,"Not determined",6,1975,1.4,0.46,NA
"51","USGS-01631000",1975-09-15,"Not determined",9,1975,1.5,0.86,NA
"52","USGS-01631000",1975-07-01,"Not determined",7,1975,1.5,0.98,NA
"53","USGS-01631000",2019-07-18,"Stable, normal stage",7,2019,1.02,0.046,4.03
"54","USGS-01631000",1999-09-30,"Falling stage",9,1999,0.85,0.196,55
"55","USGS-01631000",1976-08-15,"Not determined",8,1976,0.52,0.49,NA
"56","USGS-01631000",1999-09-10,"Stable, normal stage",9,1999,1.3,0.331,67
"57","USGS-01631000",1976-09-15,"Not determined",9,1976,0.63,0.55,NA
"58","USGS-01631000",1976-07-15,"Not determined",7,1976,0.7,0.46,NA
"59","USGS-01631000",1976-06-15,"Not determined",6,1976,0.84,0.49,NA
"60","USGS-01631000",1999-09-13,"Stable, normal stage",9,1999,1.12,0.322,20
"61","USGS-01631000",1976-05-15,"Not determined",5,1976,1.3,0.46,NA
"62","USGS-01631000",1999-10-19,"Stable, normal stage",10,1999,0.99,0.187,11
"63","USGS-01631000",1999-06-25,"Stable, low stage",6,1999,0.72,0.629,46
"64","USGS-01631000",2008-07-10,"Stable, normal stage",7,2008,0.94,0.251,6
"65","USGS-01631000",2008-03-10,"Rising stage",3,2008,0.78,0.12,7
"66","USGS-01631000",1977-07-15,"Not determined",7,1977,0.68,0.06,NA
"67","USGS-01631000",2008-04-30,"Falling stage",4,2008,0.72,0.144,131
"68","USGS-01631000",1999-04-26,"Stable, normal stage",4,1999,0.51,0.399,NA
"69","USGS-01631000",2008-05-15,"Falling stage",5,2008,0.75,0.141,34
"70","USGS-01631000",2008-04-17,"Stable, normal stage",4,2008,0.7,0.429,7
"71","USGS-01631000",1999-09-09,"Falling stage",9,1999,1.13,0.362,100
"72","USGS-01631000",1977-08-15,"Not determined",8,1977,0.5,0.98,NA
"73","USGS-01631000",1977-10-15,"Not determined",10,1977,1.5,1.4,NA
"74","USGS-01631000",1977-09-15,"Not determined",9,1977,1.4,1.1,NA
"75","USGS-01631000",1999-05-20,"Stable, normal stage",5,1999,0.68,0.561,38
"76","USGS-01631000",2008-04-22,"Peak stage",4,2008,0.6,0.209,99
"77","USGS-01631000",1977-06-15,"Not determined",6,1977,0.96,1.4,NA
"78","USGS-01631000",1978-10-15,"Not determined",10,1978,1.2,0.89,NA
"79","USGS-01631000",2014-10-23,"Stable, normal stage",10,2014,0.55,0.006,0.6
"80","USGS-01631000",2001-09-07,"Stable, low stage",9,2001,0.13,0.202,2
"81","USGS-01631000",2008-05-12,"Peak stage",5,2008,0.91,0.138,71
"82","USGS-01631000",1978-06-15,"Not determined",6,1978,1,0.37,NA
"83","USGS-01631000",2008-06-12,"Stable, normal stage",6,2008,1.09,0.307,6
"84","USGS-01631000",2014-08-21,"Stable, normal stage",8,2014,0.37,NA,1
"85","USGS-01631000",1979-10-04,"Not determined",10,1979,1,0.12,NA
"86","USGS-01631000",1979-08-01,"Not determined",8,1979,1.6,0.61,NA
"87","USGS-01631000",1979-05-02,"Not determined",5,1979,0.61,0.15,NA
"88","USGS-01631000",1996-09-06,"Stable, normal stage",9,1996,0.79,0.245,2020
"89","USGS-01631000",1996-09-08,"Stable, normal stage",9,1996,0.83,0.276,704
"90","USGS-01631000",1996-09-08,"Stable, normal stage",9,1996,0.78,0.245,704
"91","USGS-01631000",2008-08-04,"Stable, normal stage",8,2008,0.21,0.08,2
"92","USGS-01631000",2000-09-05,"Falling stage",9,2000,1.16,0.466,30
"93","USGS-01631000",1979-06-20,"Not determined",6,1979,1.4,0.31,NA
"94","USGS-01631000",1980-07-01,"Not determined",7,1980,0.9,0.25,NA
"95","USGS-01631000",2000-06-30,"Rising stage",6,2000,1.15,0.417,15
"96","USGS-01631000",2000-08-31,"Rising stage",8,2000,0.73,0.445,2
"97","USGS-01631000",1980-08-12,"Not determined",8,1980,0.83,0.64,NA
"98","USGS-01631000",1980-10-02,"Not determined",10,1980,1.4,0.8,NA
"99","USGS-01631000",2009-10-19,"Stable, normal stage",10,2009,0.19,0.012,0.2
"100","USGS-01631000",2000-08-01,"Falling stage",8,2000,1.35,0.717,6
"101","USGS-01631000",1980-05-28,"Not determined",5,1980,1.1,0.15,NA
"102","USGS-01631000",2021-04-22,"Falling stage",4,2021,0.99,0.031,8.99
"103","USGS-01631000",2000-09-27,"Rising stage",9,2000,0.99,0.331,49
"104","USGS-01631000",1981-05-18,"Not determined",5,1981,0.53,0.74,NA
"105","USGS-01631000",2000-05-31,"Rising stage",5,2000,1.01,0.396,10
"106","USGS-01631000",2009-04-07,"Falling stage",4,2009,0.62,0.166,18
"107","USGS-01631000",2021-06-08,"Stable, normal stage",6,2021,0.9,0.061,3.67
"108","USGS-01631000",1981-10-05,"Not determined",10,1981,0.72,0.46,NA
"109","USGS-01631000",1981-06-30,"Not determined",6,1981,0.52,0.12,NA
"110","USGS-01631000",2000-07-06,"Falling stage",7,2000,1.09,0.362,3
"111","USGS-01631000",1981-08-26,"Not determined",8,1981,0.7,0.52,NA
"112","USGS-01631000",1982-10-19,"Not determined",10,1982,1.3,0.77,NA
"113","USGS-01631000",1982-09-08,"Not determined",9,1982,1.1,0.43,NA
"114","USGS-01631000",1982-07-14,"Not determined",7,1982,1.8,0.52,NA
"115","USGS-01631000",1982-06-03,"Not determined",6,1982,1.3,0.49,NA
"116","USGS-01631000",2000-10-16,"Stable, low stage",10,2000,0.36,0.074,2
"117","USGS-01631000",2000-04-21,"Falling stage",4,2000,1,0.488,35
"118","USGS-01631000",2015-09-17,"Stable, normal stage",9,2015,0.36,0.021,1
"119","USGS-01631000",2009-04-29,"Rising stage",4,2009,0.59,0.227,10
"120","USGS-01631000",2000-04-17,"Stable, normal stage",4,2000,0.48,0.356,3
"121","USGS-01631000",1983-05-23,"Not determined",5,1983,1.2,NA,NA
"122","USGS-01631000",2000-09-25,"Stable, low stage",9,2000,1.12,0.405,2
"123","USGS-01631000",1983-08-16,"Stable, low stage",8,1983,0.93,0.736,NA
"124","USGS-01631000",2000-09-21,"Falling stage",9,2000,0.87,0.294,18
"125","USGS-01631000",1983-10-05,"Stable, normal stage",10,1983,0.81,0.797,NA
"126","USGS-01631000",1983-07-12,"Stable, normal stage",7,1983,1.6,0.368,NA
"127","USGS-01631000",2001-07-17,"Stable, low stage",7,2001,0.05,0.454,2
"128","USGS-01631000",2010-10-26,"Stable, low stage",10,2010,0.19,0.006,1
"129","USGS-01631000",1997-04-29,"Stable, normal stage",4,1997,1.33,0.12,NA
"130","USGS-01631000",1984-07-19,"Stable, normal stage",7,1984,1.4,0.613,NA
"131","USGS-01631000",2001-07-30,"Rising stage",7,2001,0.11,0.359,16
"132","USGS-01631000",2001-05-21,"Rising stage",5,2001,0.96,0.276,8
"133","USGS-01631000",1984-08-28,"Stable, normal stage",8,1984,NA,0.092,NA
"134","USGS-01631000",1984-10-10,"Stable, normal stage",10,1984,1.8,0.552,NA
"135","USGS-01631000",1984-06-05,"Stable, normal stage",6,1984,1.4,0.215,NA
"136","USGS-01631000",1985-05-08,"Falling stage",5,1985,1,0.429,NA
"137","USGS-01631000",2001-04-17,"Falling stage",4,2001,0.97,0.22,23
"138","USGS-01631000",1985-09-17,"Stable, normal stage",9,1985,0.18,0.399,NA
"139","USGS-01631000",1985-08-05,"Stable, low stage",8,1985,0.61,0.705,NA
"140","USGS-01631000",1985-10-21,"Stable, normal stage",10,1985,0.74,0.981,14
"141","USGS-01631000",2006-08-24,"Stable, low stage",8,2006,0.34,0.031,3
"142","USGS-01631000",2010-07-27,"Stable, low stage",7,2010,0.17,0.193,5
"143","USGS-01631000",1985-06-19,"Stable, normal stage",6,1985,1.2,0.521,NA
"144","USGS-01631000",1986-05-05,"Stable, normal stage",5,1986,0.51,0.123,NA
"145","USGS-01631000",2001-08-22,"Stable, low stage",8,2001,0.46,0.267,6
"146","USGS-01631000",2006-05-11,"Stable, normal stage",5,2006,0.78,0.123,3
"147","USGS-01631000",2012-08-22,"Stable, normal stage",8,2012,0.56,0.009,4
"148","USGS-01631000",1994-06-08,"Stable, normal stage",6,1994,1.3,0.092,NA
"149","USGS-01631000",1996-08-14,"Stable, normal stage",8,1996,1.5,0.705,162
"150","USGS-01631000",1996-08-01,"Stable, normal stage",8,1996,1.9,0.399,11
"151","USGS-01631000",2001-10-10,"Stable, low stage",10,2001,NA,0.138,0.6
"152","USGS-01631000",2017-05-07,"Falling stage",5,2017,0.82,0.166,216
"153","USGS-01631000",1996-07-18,"Stable, normal stage",7,1996,1.5,0.276,2
"154","USGS-01631000",2002-05-15,"Falling stage",5,2002,0.21,0.184,4
"155","USGS-01631000",1996-10-16,"Rising stage",10,1996,1.1,NA,1
"156","USGS-01631000",1996-08-02,"Stable, normal stage",8,1996,2,0.429,8
"157","USGS-01631000",1996-09-19,"Falling stage",9,1996,2.5,0.307,19
"158","USGS-01631000",1996-08-22,"Stable, normal stage",8,1996,2.4,0.215,5
"159","USGS-01631000",1996-09-07,"Stable, normal stage",9,1996,0.73,0.368,921
"160","USGS-01631000",1996-09-07,"Stable, normal stage",9,1996,0.74,0.613,1240
"161","USGS-01631000",1996-08-13,"Stable, normal stage",8,1996,1.7,0.429,149
"162","USGS-01631000",1997-09-11,"Stable, normal stage",9,1997,0.65,0.346,11
"163","USGS-01631000",2011-08-23,"Stable, normal stage",8,2011,0.23,0.012,3
"164","USGS-01631000",2011-10-25,"Stable, normal stage",10,2011,0.18,0.006,1
"165","USGS-01631000",2005-10-20,"Stable, normal stage",10,2005,0.95,0.153,3
"166","USGS-01631000",1997-07-30,"Falling stage",7,1997,1.32,0.362,5
"167","USGS-01631000",1997-06-04,"Falling stage",6,1997,0.8,0.236,22
"168","USGS-01631000",2005-08-25,"Stable, normal stage",8,2005,NA,0.071,2
"169","USGS-01631000",1997-06-25,"Stable, normal stage",6,1997,0.67,0.319,7
"170","USGS-01631000",1997-08-26,"Falling stage",8,1997,0.73,0.313,7
"171","USGS-01631000",2005-07-21,"Falling stage",7,2005,1.12,0.212,32
"172","USGS-01631000",2005-07-08,"Falling stage",7,2005,0.42,0.15,65
"173","USGS-01631000",2018-04-17,"Peak stage",4,2018,0.7,0.037,367
"174","USGS-01631000",2005-09-22,"Stable, low stage",9,2005,0.26,0.061,1
"175","USGS-01631000",1999-07-15,"Stable, normal stage",7,1999,0.24,0.714,5
"176","USGS-01631000",2014-05-19,"Falling stage",5,2014,0.84,0.077,67
"177","USGS-01631000",2018-08-23,"Falling stage",8,2018,1.45,0.074,8.02
"178","USGS-01631000",1997-04-28,"Stable, normal stage",4,1997,1.14,0.12,5
"179","USGS-01631000",1997-05-29,"Stable, normal stage",5,1997,0.81,0.442,4
"180","USGS-01631000",2006-04-24,"Peak stage",4,2006,0.89,0.153,72
"181","USGS-01631000",2014-03-20,"Rising stage",3,2014,1.27,0.018,6
"182","USGS-01631000",2012-10-17,"Rising stage",10,2012,0.48,0.006,1
"183","USGS-01631000",1997-06-03,"Falling stage",6,1997,1.13,0.331,64
"184","USGS-01631000",1998-06-17,"Stable, normal stage",6,1998,1.48,0.331,22
"185","USGS-01631000",2006-06-08,"Stable, low stage",6,2006,0.68,0.184,5
"186","USGS-01631000",2018-03-23,"Rising stage",3,2018,0.73,0.009,1.22
"187","USGS-01631000",2012-09-20,"Rising stage",9,2012,0.54,0.012,72
"188","USGS-01631000",2008-03-31,"Stable, normal stage",3,2008,0.61,0.199,2
"189","USGS-01631000",2012-05-17,"Falling stage",5,2012,1.03,0.11,90
"190","USGS-01631000",2012-05-16,"Rising stage",5,2012,0.84,0.077,12
"191","USGS-01631000",1998-04-16,"Stable, normal stage",4,1998,0.55,0.064,6
"192","USGS-01631000",2006-07-31,"Stable, normal stage",7,2006,0.82,0.061,2
"193","USGS-01631000",2010-05-25,"Stable, normal stage",5,2010,1.23,0.166,5
"194","USGS-01631000",2012-03-28,"Falling stage",3,2012,0.84,0.129,49
"195","USGS-01631000",2012-07-25,"Stable, normal stage",7,2012,0.11,0.021,2
"196","USGS-01631000",2006-10-25,"Stable, normal stage",10,2006,1.22,0.031,1
"197","USGS-01631000",1998-08-21,"Stable, low stage",8,1998,0.92,0.35,4
"198","USGS-01631000",2001-05-14,"Stable, low stage",5,2001,0.17,0.123,3
"199","USGS-01631000",2006-09-27,"Stable, normal stage",9,2006,0.94,0.031,1
"200","USGS-01631000",2006-04-19,"Stable, normal stage",4,2006,0.82,0.092,11
"201","USGS-01631000",2012-06-26,"Stable, normal stage",6,2012,0.39,0.025,2
"202","USGS-01631000",2013-03-20,"Stable, high stage",3,2013,1.26,0.043,14
"203","USGS-01631000",2013-05-08,"Rising stage",5,2013,0.6,0.107,390
"204","USGS-01631000",2019-06-27,"Falling stage",6,2019,1.06,0.049,9.24
"205","USGS-01631000",2013-05-22,"Falling stage",5,2013,0.89,0.015,5
"206","USGS-01631000",2007-04-24,"Stable, normal stage",4,2007,1.2,0.061,11
"207","USGS-01631000",2007-09-17,"Stable, normal stage",9,2007,0.33,0.08,2
"208","USGS-01631000",1998-10-15,"Stable, normal stage",10,1998,1,0.279,1
"209","USGS-01631000",2019-08-22,"Stable, normal stage",8,2019,0.42,NA,1.45
"210","USGS-01631000",2019-09-19,"Stable, normal stage",9,2019,0.63,0.012,1.03
"211","USGS-01631000",2015-10-01,"Falling stage",10,2015,1.41,0.034,193
"212","USGS-01631000",2013-03-13,"Rising stage",3,2013,1.08,0.08,196
"213","USGS-01631000",2007-08-15,"Stable, normal stage",8,2007,0.29,0.074,3
"214","USGS-01631000",2013-06-19,"Falling stage",6,2013,1.26,0.089,81
"215","USGS-01631000",2000-06-19,"Rising stage",6,2000,1.2,0.509,18
"216","USGS-01631000",2000-04-28,"Falling stage",4,2000,0.73,0.337,26
"217","USGS-01631000",2013-04-17,"Falling stage",4,2013,0.64,0.021,14
"218","USGS-01631000",2019-04-16,"Falling stage",4,2019,1.67,0.187,293
"219","USGS-01631000",2019-04-18,"Falling stage",4,2019,0.98,0.071,55.7
"220","USGS-01631000",2007-11-01,"Stable, normal stage",11,2007,1.04,0.322,3
"221","USGS-01631000",2007-03-27,"Stable, normal stage",3,2007,1.4,0.061,17
"222","USGS-01631000",1999-09-07,"Stable, normal stage",9,1999,0.85,0.331,140
"223","USGS-01631000",2009-03-29,"Rising stage",3,2009,0.55,0.178,2
"224","USGS-01631000",2013-07-23,"Peak stage",7,2013,1.7,0.107,11
"225","USGS-01631000",2014-04-17,"Falling stage",4,2014,1.13,0.058,34
"226","USGS-01631000",2008-10-09,"Stable, normal stage",10,2008,0.23,0.104,3
"227","USGS-01631000",2011-06-22,"Stable, normal stage",6,2011,1.72,0.193,34
"228","USGS-01631000",2008-09-02,"Stable, normal stage",9,2008,0.57,0.221,2
"229","USGS-01631000",2010-03-25,"Falling stage",3,2010,1.57,0.049,14
"230","USGS-01631000",2008-04-21,"Rising stage",4,2008,0.62,0.239,43
"231","USGS-01631000",2014-07-17,"Stable, normal stage",7,2014,0.62,0.025,2
"232","USGS-01631000",2010-10-04,"Falling stage",10,2010,0.98,0.132,9
"233","USGS-01631000",2020-06-22,"Falling stage",6,2020,0.72,0.083,41.8
"234","USGS-01631000",2010-06-22,"Stable, normal stage",6,2010,0.05,0.092,0.7
"235","USGS-01631000",2001-08-13,"Rising stage",8,2001,0.4,0.405,152
"236","USGS-01631000",2016-04-21,"Stable, normal stage",4,2016,1.02,0.006,0.62
"237","USGS-01631000",2002-04-09,"Stable, low stage",4,2002,0.25,0.503,2
"238","USGS-01631000",2014-10-17,"Falling stage",10,2014,0.62,0.006,26
"239","USGS-01631000",2010-03-15,"Falling stage",3,2010,0.82,0.104,117
"240","USGS-01631000",2001-05-24,"Peak stage",5,2001,1.16,0.411,90
"241","USGS-01631000",2014-05-22,"Falling stage",5,2014,1.2,0.067,24
"242","USGS-01631000",2001-06-12,"Falling stage",6,2001,1.05,0.438,6
"243","USGS-01631000",2020-07-23,"Stable, normal stage",7,2020,0.37,0.015,2.19
"244","USGS-01631000",2020-03-19,"Stable, normal stage",3,2020,0.89,NA,1.66
"245","USGS-01631000",2008-03-09,"Stable, high stage",3,2008,0.97,0.074,8
"246","USGS-01631000",2012-04-18,"Stable, normal stage",4,2012,0.65,0.009,3
"247","USGS-01631000",2015-07-14,"Falling stage",7,2015,0.88,0.113,48
"248","USGS-01631000",2015-03-09,"Rising stage",3,2015,1.24,0.049,38
"249","USGS-01631000",2009-09-21,"Stable, normal stage",9,2009,0.06,0.052,3
"250","USGS-01631000",2021-03-18,"Stable, normal stage",3,2021,1.88,NA,5.63
"251","USGS-01631000",2011-04-25,"Falling stage",4,2011,1.73,0.061,18
"252","USGS-01631000",2015-05-21,"Stable, normal stage",5,2015,0.86,0.012,12
"253","USGS-01631000",2009-04-06,"Falling stage",4,2009,0.65,0.19,33
"254","USGS-01631000",2021-06-16,"Falling stage",6,2021,2.01,0.135,44.6
"255","USGS-01631000",2002-06-12,"Stable, low stage",6,2002,0.32,0.57,4
"256","USGS-01631000",2009-04-22,"Rising stage",4,2009,0.76,0.205,86
"257","USGS-01631000",2009-03-30,"Stable, normal stage",3,2009,0.56,0.193,2
"258","USGS-01631000",2000-06-13,"Rising stage",6,2000,0.76,0.484,2
"259","USGS-01631000",2017-09-21,"Stable, normal stage",9,2017,0.32,0.009,2.37
"260","USGS-01631000",2009-03-12,"Stable, normal stage",3,2009,0.3,0.018,3
"261","USGS-01631000",2009-07-22,"Stable, normal stage",7,2009,0.83,0.169,2
"262","USGS-01631000",2015-07-23,"Stable, normal stage",7,2015,0.39,0.031,2
"263","USGS-01631000",2017-10-19,"Stable, normal stage",10,2017,0.07,NA,0.63
"264","USGS-01631000",2021-10-21,"Stable, normal stage",10,2021,0.7,NA,2.14
"265","USGS-01631000",2015-06-18,"Stable, normal stage",6,2015,0.56,0.009,6
"266","USGS-01631000",2009-08-24,"Stable, normal stage",8,2009,0.34,0.175,4
"267","USGS-01631000",2009-05-28,"Stable, normal stage",5,2009,1.09,0.095,23
"268","USGS-01631000",2000-05-24,"Falling stage",5,2000,0.67,0.371,82
"269","USGS-01631000",2020-06-25,"Falling stage",6,2020,0.95,0.129,20.2
"270","USGS-01631000",2010-03-29,"Rising stage",3,2010,1.23,0.064,131
"271","USGS-01631000",2018-07-19,"Stable, normal stage",7,2018,1.2,NA,1.93
"272","USGS-01631000",2010-06-07,"Stable, normal stage",6,2010,0.89,0.239,11
"273","USGS-01631000",2001-04-12,"Rising stage",4,2001,0.99,0.215,35
"274","USGS-01631000",2018-05-17,"Rising stage",5,2018,0.58,0.052,39.7
"275","USGS-01631000",2017-05-18,"Falling stage",5,2017,0.76,0.061,11
"276","USGS-01631000",2016-08-18,"Stable, normal stage",8,2016,0.66,0.028,4.51
"277","USGS-01631000",2010-09-15,"Stable, low stage",9,2010,0.01,0.028,3
"278","USGS-01631000",2018-09-28,"Rising stage",9,2018,1.3,0.11,103
"279","USGS-01631000",2016-09-22,"Stable, normal stage",9,2016,0.44,0.012,5.92
"280","USGS-01631000",2018-09-19,"Falling stage",9,2018,0.85,0.193,285
"281","USGS-01631000",2011-03-22,"Stable, normal stage",3,2011,1.34,0.031,8
"282","USGS-01631000",2010-10-01,"Rising stage",10,2010,0.46,0.067,64
"283","USGS-01631000",2016-06-21,"Stable, normal stage",6,2016,1.14,0.021,4.44
"284","USGS-01631000",2019-10-01,"Stable, normal stage",10,2019,0.54,0.012,4.69
"285","USGS-01631000",2016-05-19,"Stable, normal stage",5,2016,0.88,0.055,9.4
"286","USGS-01631000",2012-08-16,"Rising stage",8,2012,0.17,0.006,4
"287","USGS-01631000",2010-09-27,"Stable, low stage",9,2010,0.03,0.015,4
"288","USGS-01631000",2017-03-23,"Stable, normal stage",3,2017,0.55,0.006,1
"289","USGS-01631000",2018-05-23,"Peak stage",5,2018,0.73,0.104,60.6
"290","USGS-01631000",2002-04-22,"Rising stage",4,2002,0.58,0.616,35
"291","USGS-01631000",2010-08-24,"Stable, normal stage",8,2010,0.04,0.061,5
"292","USGS-01631000",2011-07-26,"Stable, normal stage",7,2011,0.36,0.012,3
"293","USGS-01631000",2002-05-28,"Falling stage",5,2002,0.32,0.218,6
"294","USGS-01631000",2011-06-16,"Stable, normal stage",6,2011,1.69,0.018,5
"295","USGS-01631000",2011-05-24,"Stable, normal stage",5,2011,1.16,0.074,15
"296","USGS-01631000",2002-06-10,"Stable, low stage",6,2002,0.49,0.521,3
"297","USGS-01631000",2017-07-21,"Stable, normal stage",7,2017,0.33,0.009,3.5
"298","USGS-01631000",2017-04-20,"Stable, normal stage",4,2017,0.4,0.015,4.36
"299","USGS-01631000",2020-05-01,"Rising stage",5,2020,0.59,0.083,199
"300","USGS-01631000",2006-05-18,"Stable, normal stage",5,2006,0.93,0.092,8
"301","USGS-01631000",2015-03-19,"Falling stage",3,2015,1.42,0.04,11
"302","USGS-01631000",2005-05-21,"Stable, normal stage",5,2005,0.67,0.015,14
"303","USGS-01631000",2011-09-27,"Stable, normal stage",9,2011,1.02,0.025,6
"304","USGS-01631000",2017-04-03,"Peak stage",4,2017,0.5,0.015,31
"305","USGS-01631000",2013-09-24,"Stable, normal stage",9,2013,0.56,0.009,3
"306","USGS-01631000",2017-04-26,"Rising stage",4,2017,0.68,0.074,240
"307","USGS-01631000",2019-03-21,"Stable, normal stage",3,2019,1.76,0.006,3.32
"308","USGS-01631000",2014-06-19,"Stable, normal stage",6,2014,1.2,0.04,6
"309","USGS-01631000",2018-04-19,"Falling stage",4,2018,0.79,0.074,72.6
"310","USGS-01631000",2021-11-01,"Falling stage",11,2021,1.06,0.04,51.1
"311","USGS-01631000",2017-11-01,"Falling stage",11,2017,0.44,0.012,4.91
"312","USGS-01631000",2020-05-21,"Stable, normal stage",5,2020,0.72,0.009,9.2
"313","USGS-01631000",2018-06-04,"Falling stage",6,2018,0.85,0.356,315
"314","USGS-01631000",2016-05-23,"Rising stage",5,2016,0.98,0.043,40.1
"315","USGS-01631000",2014-09-18,"Stable, normal stage",9,2014,0.32,0.006,2
"316","USGS-01631000",2018-05-18,"Rising stage",5,2018,0.64,0.067,42.4
"317","USGS-01631000",2020-10-22,"Stable, normal stage",10,2020,0.67,0.009,2.22
"318","USGS-01631000",2016-03-17,"Stable, normal stage",3,2016,1.86,0.012,5.96
"319","USGS-01631000",2010-04-29,"Stable, normal stage",4,2010,1.15,0.012,2
"320","USGS-01631000",2018-10-18,"Falling stage",10,2018,1.68,0.028,2.57
"321","USGS-01631000",2012-06-20,"Stable, normal stage",6,2012,0.38,0.006,1
"322","USGS-01631000",2020-08-20,"Falling stage",8,2020,0.92,0.086,44.4
"323","USGS-01631000",2021-05-20,"Stable, normal stage",5,2021,0.74,0.025,3.35
"324","USGS-01631000",2018-06-21,"Falling stage",6,2018,1.55,0.028,15.7
"325","USGS-01631000",2009-06-03,"Stable, normal stage",6,2009,0.96,0.163,16
"326","USGS-01631000",2009-05-05,"Rising stage",5,2009,0.72,0.199,159
"327","USGS-01631000",2021-09-23,"Falling stage",9,2021,0.88,0.067,37.4
"328","USGS-01631000",2018-09-20,"Falling stage",9,2018,1,0.086,102
"329","USGS-01631000",2013-10-22,"Stable, normal stage",10,2013,0.27,0.012,2
"330","USGS-01631000",2019-06-20,"Stable, normal stage",6,2019,1.16,0.043,3.45
"331","USGS-01631000",2019-05-23,"Stable, normal stage",5,2019,1.08,NA,5.02
"332","USGS-01631000",2015-08-20,"Stable, normal stage",8,2015,0.39,0.028,3
"333","USGS-01631000",2015-10-22,"Stable, normal stage",10,2015,1.09,0.006,1.71
"334","USGS-01631000",2016-10-20,"Stable, normal stage",10,2016,0.3,0.015,0
"335","USGS-01631000",2013-08-26,"Falling stage",8,2013,1.03,0.031,5
"336","USGS-01631000",2014-05-01,"Rising stage",5,2014,1.02,0.077,125
"337","USGS-01631000",2015-04-23,"Falling stage",4,2015,0.76,0.083,58
"338","USGS-01631000",2015-04-22,"Falling stage",4,2015,0.72,0.089,113
"339","USGS-01631000",2016-05-04,"Rising stage",5,2016,1.02,0.034,57.1
"340","USGS-01631000",2016-07-21,"Stable, normal stage",7,2016,1.02,0.021,0
"341","USGS-01631000",2020-09-17,"Stable, normal stage",9,2020,1.14,NA,0.41
"342","USGS-01631000",2020-04-23,"Stable, normal stage",4,2020,0.7,0.034,8.21
"343","USGS-01631000",2016-06-06,"Falling stage",6,2016,1.07,0.135,87.3
"344","USGS-01631000",2021-04-12,"Rising stage",4,2021,0.95,0.018,91.1
"345","USGS-01631000",2021-07-22,"Stable, normal stage",7,2021,0.03,0.012,2.57
"346","USGS-01631000",2015-06-23,"Rising stage",6,2015,0.32,0.031,3
"347","USGS-01631000",2017-06-22,"Falling stage",6,2017,1.5,0.153,15
"348","USGS-01631000",2017-05-26,"Peak stage",5,2017,1.15,0.08,332
"349","USGS-01631000",2012-10-30,"Peak stage",10,2012,0.39,0.031,41
"350","USGS-01631000",2021-08-19,"Stable, normal stage",8,2021,0.25,0.021,3.6
"351","USGS-01631000",2015-03-12,"Rising stage",3,2015,1.45,0.077,42
"352","USGS-01631000",2016-09-30,"Rising stage",9,2016,0.71,0.031,66.7
"353","USGS-01631000",2020-04-15,"Falling stage",4,2020,0.8,0.083,105
"354","USGS-01631000",2021-09-02,"Rising stage",9,2021,0.86,0.071,99.2
"355","USGS-01631000",2021-06-29,"Stable, normal stage",6,2021,0.83,0.049,2.13
"356","USGS-01631000",2017-08-17,"Stable, normal stage",8,2017,0.66,0.031,1.42
"357","USGS-01631000",1976-11-15,"Not determined",11,1976,1.3,0.21,NA
"358","USGS-01631000",1997-02-26,"Falling stage",2,1997,0.99,0.092,2
"359","USGS-01631000",1998-01-22,"Falling stage",1,1998,1.71,0.132,7
"360","USGS-01631000",1979-11-15,"Not determined",11,1979,1.3,0.15,NA
"361","USGS-01631000",2005-11-30,"Rising stage",11,2005,0.71,0.153,576
"362","USGS-01631000",2000-01-24,"Stable, normal stage",1,2000,1.16,0.297,4
"363","USGS-01631000",1997-03-03,"Rising stage",3,1997,1.2,0.092,22
"364","USGS-01631000",1975-01-15,"Not determined",1,1975,1.2,0.71,NA
"365","USGS-01631000",1980-04-03,"Not determined",4,1980,1.3,0.12,NA
"366","USGS-01631000",1998-01-24,"Rising stage",1,1998,1.72,0.175,26
"367","USGS-01631000",1998-01-10,"Stable, normal stage",1,1998,0.82,0.23,257
"368","USGS-01631000",1984-12-18,"Stable, normal stage",12,1984,1.2,0.276,NA
"369","USGS-01631000",1998-02-18,"Rising stage",2,1998,0.79,0.221,325
"370","USGS-01631000",2001-03-30,"Rising stage",3,2001,1.03,0.138,21
"371","USGS-01631000",1976-02-15,"Not determined",2,1976,1.4,0.25,NA
"372","USGS-01631000",2006-11-11,"Falling stage",11,2006,1.06,0.153,15
"373","USGS-01631000",2001-01-22,"Stable, normal stage",1,2001,1.17,0.064,4
"374","USGS-01631000",2007-02-27,"Stable, normal stage",2,2007,1.61,0.245,8
"375","USGS-01631000",2008-12-12,"Falling stage",12,2008,0.59,0.018,15
"376","USGS-01631000",1985-12-17,"Stable, normal stage",12,1985,2,0.153,NA
"377","USGS-01631000",1980-02-21,"Not determined",2,1980,1.9,0.25,NA
"378","USGS-01631000",1999-01-05,"Falling stage",1,1999,1.46,0.604,6
"379","USGS-01631000",1999-12-16,"Rising stage",12,1999,1.2,0.337,28
"380","USGS-01631000",1999-03-01,"Stable, normal stage",3,1999,1.07,0.258,2
"381","USGS-01631000",1973-11-01,"Not determined",11,1973,NA,0.98,NA
"382","USGS-01631000",1975-01-27,"Not determined",1,1975,NA,NA,281
"383","USGS-01631000",2001-02-26,"Stable, low stage",2,2001,0.64,0.052,2
"384","USGS-01631000",1974-12-15,"Not determined",12,1974,1.5,0.58,NA
"385","USGS-01631000",1998-01-09,"Stable, normal stage",1,1998,0.85,0.503,755
"386","USGS-01631000",2010-11-17,"Stable, low stage",11,2010,0.3,0.006,0.2
"387","USGS-01631000",1980-01-10,"Not determined",1,1980,1.5,0.25,NA
"388","USGS-01631000",1975-02-01,"Not determined",2,1975,1.4,0.43,NA
"389","USGS-01631000",2001-12-10,"Stable, low stage",12,2001,NA,0.202,0.7
"390","USGS-01631000",2011-12-14,"Falling stage",12,2011,1.34,0.031,7
"391","USGS-01631000",1996-11-19,"Rising stage",11,1996,1.5,0.123,3
"392","USGS-01631000",1985-02-04,"Falling stage",2,1985,1.5,1.93,NA
"393","USGS-01631000",1997-10-30,"Stable, normal stage",10,1997,1.09,0.534,7
"394","USGS-01631000",1978-12-06,"Not determined",12,1978,1.5,1.1,NA
"395","USGS-01631000",1981-04-07,"Not determined",4,1981,0.96,0.8,NA
"396","USGS-01631000",1998-01-30,"Falling stage",1,1998,1.06,0.368,73
"397","USGS-01631000",1974-12-04,"Not determined",12,1974,1.7,0.46,NA
"398","USGS-01631000",2010-12-15,"Stable, normal stage",12,2010,1.15,0.006,0.2
"399","USGS-01631000",2010-01-27,"Falling stage",1,2010,0.96,0.138,222
"400","USGS-01631000",1984-11-13,"Stable, normal stage",11,1984,1.8,0.552,NA
"401","USGS-01631000",1998-02-12,"Rising stage",2,1998,1.64,0.169,31
"402","USGS-01631000",2001-03-22,"Rising stage",3,2001,1.13,0.267,435
"403","USGS-01631000",2000-11-17,"Stable, low stage",11,2000,0.54,0.049,3
"404","USGS-01631000",1975-02-15,"Not determined",2,1975,1.2,0.18,NA
"405","USGS-01631000",2005-11-17,"Stable, normal stage",11,2005,0.21,0.184,1
"406","USGS-01631000",2011-12-01,"Peak stage",12,2011,0.62,0.006,90
"407","USGS-01631000",1999-03-12,"Stable, normal stage",3,1999,1.01,0.319,1
"408","USGS-01631000",1982-12-06,"Not determined",12,1982,1.3,0.49,NA
"409","USGS-01631000",1999-01-25,"Stable, normal stage",1,1999,1.8,0.429,35
"410","USGS-01631000",2009-12-10,"Falling stage",12,2009,1.09,0.166,332
"411","USGS-01631000",1984-04-24,"Falling stage",4,1984,1.1,0.245,NA
"412","USGS-01631000",2000-02-25,"Falling stage",2,2000,0.61,0.178,4
"413","USGS-01631000",2011-11-16,"Stable, normal stage",11,2011,0.45,0.006,0.4
"414","USGS-01631000",1977-12-15,"Not determined",12,1977,1.5,0.4,NA
"415","USGS-01631000",2007-11-27,"Stable, low stage",11,2007,0.42,0.067,2
"416","USGS-01631000",2002-01-09,"Stable, low stage",1,2002,1.1,0.319,0.9
"417","USGS-01631000",1979-01-18,"Not determined",1,1979,1.4,0.4,NA
"418","USGS-01631000",1980-11-20,"Not determined",11,1980,0.55,0.03,NA
"419","USGS-01631000",2000-02-20,"Falling stage",2,2000,0.83,0.212,8
"420","USGS-01631000",1997-03-05,"Falling stage",3,1997,1.7,0.399,251
"421","USGS-01631000",2006-01-18,"Stable, normal stage",1,2006,1.01,0.031,15
"422","USGS-01631000",1999-01-13,"Stable, normal stage",1,1999,1.73,0.457,8
"423","USGS-01631000",1976-04-15,"Not determined",4,1976,0.78,0.28,NA
"424","USGS-01631000",1982-04-15,"Not determined",4,1982,1.4,0.15,NA
"425","USGS-01631000",2008-01-24,"Stable, normal stage",1,2008,0.66,0.012,2
"426","USGS-01631000",2006-03-22,"Stable, normal stage",3,2006,1.04,0.006,1
"427","USGS-01631000",1997-12-16,"Stable, normal stage",12,1997,0.22,0.169,2
"428","USGS-01631000",2012-03-06,"Falling stage",3,2012,0.93,0.025,19
"429","USGS-01631000",1977-04-15,"Not determined",4,1977,1,0.61,NA
"430","USGS-01631000",2005-12-14,"Stable, normal stage",12,2005,1.99,0.092,1
"431","USGS-01631000",1997-03-26,"Falling stage",3,1997,1.3,0.123,7
"432","USGS-01631000",1998-11-16,"Stable, low stage",11,1998,0.66,0.42,1
"433","USGS-01631000",1998-02-06,"Falling stage",2,1998,0.86,0.346,164
"434","USGS-01631000",2007-01-31,"Stable, normal stage",1,2007,1.89,0.031,2
"435","USGS-01631000",1978-03-15,"Not determined",3,1978,1.3,0.06,NA
"436","USGS-01631000",1997-11-20,"Stable, normal stage",11,1997,1.58,0.307,2
"437","USGS-01631000",2000-12-22,"Falling stage",12,2000,1.04,0.159,4
"438","USGS-01631000",1977-11-15,"Not determined",11,1977,1.3,0.31,NA
"439","USGS-01631000",2005-12-01,"Falling stage",12,2005,1.57,0.153,230
"440","USGS-01631000",1973-12-01,"Not determined",12,1973,NA,0.64,NA
"441","USGS-01631000",1978-04-15,"Not determined",4,1978,0.77,0,NA
"442","USGS-01631000",1998-02-08,"Rising stage",2,1998,1.55,0.258,37
"443","USGS-01631000",1998-12-16,"Stable, low stage",12,1998,0.85,0.261,5
"444","USGS-01631000",2006-01-19,"Rising stage",1,2006,1.08,0.031,40
"445","USGS-01631000",1999-01-26,"Falling stage",1,1999,1.89,0.484,23
"446","USGS-01631000",1986-02-05,"Stable, normal stage",2,1986,1.5,0.153,NA
"447","USGS-01631000",2006-02-22,"Stable, normal stage",2,2006,1.07,0.006,1
"448","USGS-01631000",2008-02-06,"Stable, normal stage",2,2008,1.38,0.055,3
"449","USGS-01631000",1979-02-28,"Not determined",2,1979,0.92,0,NA
"450","USGS-01631000",1996-12-02,"Rising stage",12,1996,1.2,0.184,NA
"451","USGS-01631000",1985-03-20,"Stable, normal stage",3,1985,1,0.123,NA
"452","USGS-01631000",2006-11-17,"Rising stage",11,2006,1.03,0.123,111
"453","USGS-01631000",1973-11-15,"Not determined",11,1973,NA,0.43,NA
"454","USGS-01631000",1996-12-17,"Falling stage",12,1996,1.4,0.123,16
"455","USGS-01631000",2013-01-22,"Falling stage",1,2013,0.89,0.006,3
"456","USGS-01631000",1998-02-20,"Falling stage",2,1998,1.02,0.132,82
"457","USGS-01631000",1974-01-02,"Not determined",1,1974,NA,0.12,NA
"458","USGS-01631000",1975-11-01,"Not determined",11,1975,0.87,0.21,NA
"459","USGS-01631000",2007-01-25,"Stable, normal stage",1,2007,1.89,0.028,3
"460","USGS-01631000",2007-06-20,"Stable, normal stage",6,2007,1.02,0.184,5
"461","USGS-01631000",2002-02-13,"Stable, low stage",2,2002,0.44,0.405,4
"462","USGS-01631000",2001-03-20,"Stable, low stage",3,2001,0.74,0.251,1
"463","USGS-01631000",2005-03-30,"Falling stage",3,2005,1.1,0.144,386
"464","USGS-01631000",1999-11-05,"Rising stage",11,1999,1.11,0.212,4
"465","USGS-01631000",1997-01-22,"Falling stage",1,1997,1.9,NA,3
"466","USGS-01631000",1974-11-15,"Not determined",11,1974,1.1,1,NA
"467","USGS-01631000",2002-03-11,"Stable, low stage",3,2002,0.17,0.402,2
"468","USGS-01631000",2007-04-11,"Stable, normal stage",4,2007,1.33,0.031,5
"469","USGS-01631000",1997-11-08,"Rising stage",11,1997,1.07,0.454,129
"470","USGS-01631000",2005-03-08,"Rising stage",3,2005,1.13,0.028,11
"471","USGS-01631000",2007-05-15,"Stable, normal stage",5,2007,0.8,0.025,6
"472","USGS-01631000",2007-03-03,"Peak stage",3,2007,1.44,0.153,194
"473","USGS-01631000",2013-01-17,"Rising stage",1,2013,0.91,0.012,28
"474","USGS-01631000",1999-03-04,"Falling stage",3,1999,0.92,0.227,7
"475","USGS-01631000",2008-02-21,"Stable, normal stage",2,2008,0.85,0.028,2
"476","USGS-01631000",1976-01-15,"Not determined",1,1976,1.5,0.25,NA
"477","USGS-01631000",2012-11-20,"Stable, normal stage",11,2012,0.42,0.006,0
"478","USGS-01631000",1976-03-15,"Not determined",3,1976,1.2,0.25,NA
"479","USGS-01631000",1975-11-15,"Not determined",11,1975,1.3,0.4,NA
"480","USGS-01631000",1976-12-15,"Not determined",12,1976,1.3,0.28,NA
"481","USGS-01631000",1977-03-15,"Not determined",3,1977,1.1,0.52,NA
"482","USGS-01631000",1999-11-15,"Stable, low stage",11,1999,0.43,0.132,0.8
"483","USGS-01631000",2014-01-23,"Stable, normal stage",1,2014,1.6,0.012,5
"484","USGS-01631000",2014-01-02,"Falling stage",1,2014,1.24,0.095,23
"485","USGS-01631000",2006-11-16,"Stable, normal stage",11,2006,1.05,0.092,4
"486","USGS-01631000",2014-02-21,"Rising stage",2,2014,1.7,0.034,45
"487","USGS-01631000",2014-11-20,"Stable, normal stage",11,2014,0.56,0.012,2
"488","USGS-01631000",1973-12-15,"Not determined",12,1973,NA,0.4,NA
"489","USGS-01631000",2011-02-23,"Stable, normal stage",2,2011,0.82,0.006,1
"490","USGS-01631000",1999-02-17,"Stable, normal stage",2,1999,1,0.423,2
"491","USGS-01631000",2008-12-17,"Peak stage",12,2008,1.04,0.058,6
"492","USGS-01631000",2014-12-08,"Rising stage",12,2014,0.73,0.012,6
"493","USGS-01631000",1999-03-21,"Falling stage",3,1999,1.16,0.23,12
"494","USGS-01631000",2012-02-23,"Stable, normal stage",2,2012,1.18,0.009,4
"495","USGS-01631000",2014-02-20,"Rising stage",2,2014,1.55,0.015,17
"496","USGS-01631000",2014-12-17,"Stable, normal stage",12,2014,0.88,0.009,2
"497","USGS-01631000",1974-11-01,"Not determined",11,1974,1.4,1.3,NA
"498","USGS-01631000",1998-01-29,"Peak stage",1,1998,1.22,0.273,131
"499","USGS-01631000",2009-11-16,"Falling stage",11,2009,0.81,0.141,14
"500","USGS-01631000",2015-01-22,"Stable, normal stage",1,2015,1.04,0.009,0.2
"501","USGS-01631000",2015-12-30,"Rising stage",12,2015,0.93,0.043,27.7
"502","USGS-01631000",2009-12-17,"Falling stage",12,2009,1.66,0.098,8
"503","USGS-01631000",2009-01-09,"Rising stage",1,2009,0.99,0.104,12
"504","USGS-01631000",1981-03-02,"Not determined",3,1981,1.4,0.58,NA
"505","USGS-01631000",2009-12-11,"Falling stage",12,2009,1.17,0.196,430
"506","USGS-01631000",2000-03-31,"Stable, normal stage",3,2000,0.64,0.23,5
"507","USGS-01631000",2008-11-05,"Stable, normal stage",11,2008,0.05,0.015,1
"508","USGS-01631000",1975-12-01,"Not determined",12,1975,0.9,0.31,NA
"509","USGS-01631000",2013-11-20,"Stable, normal stage",11,2013,0.34,0.006,0.8
"510","USGS-01631000",1982-03-02,"Not determined",3,1982,1.5,0.15,NA
"511","USGS-01631000",1982-01-12,"Not determined",1,1982,1.1,0.34,NA
"512","USGS-01631000",2009-01-15,"Stable, normal stage",1,2009,0.92,0.086,2
"513","USGS-01631000",1983-11-15,"Stable, normal stage",11,1983,0.94,0.521,NA
"514","USGS-01631000",2015-02-19,"Stable, normal stage",2,2015,1.34,0.015,25
"515","USGS-01631000",1983-01-18,"Not determined",1,1983,1.5,0.28,NA
"516","USGS-01631000",2013-12-17,"Falling stage",12,2013,1.09,0.021,4
"517","USGS-01631000",1983-03-15,"Not determined",3,1983,1.1,0.18,NA
"518","USGS-01631000",2007-07-16,"Stable, low stage",7,2007,0.31,0.123,3
"519","USGS-01631000",2015-12-15,"Stable, normal stage",12,2015,1.3,0.006,1.45
"520","USGS-01631000",2016-02-05,"Falling stage",2,2016,1.27,0.209,359
"521","USGS-01631000",2016-02-18,"Falling stage",2,2016,1.19,0.386,282
"522","USGS-01631000",1984-02-22,"Falling stage",2,1984,1.4,0.153,NA
"523","USGS-01631000",1984-01-10,"Stable, normal stage",1,1984,1.9,0.245,NA
"524","USGS-01631000",1976-01-01,"Not determined",1,1976,1.3,0.37,NA
"525","USGS-01631000",2001-11-20,"Stable, low stage",11,2001,NA,0.12,0.3
"526","USGS-01631000",1999-11-29,"Falling stage",11,1999,1.14,0.469,18
"527","USGS-01631000",2016-12-21,"Stable, normal stage",12,2016,0.97,NA,1.41
"528","USGS-01631000",2010-01-13,"Stable, normal stage",1,2010,2.13,0.052,4
"529","USGS-01631000",2016-01-21,"Stable, normal stage",1,2016,1.43,0.018,2.48
"530","USGS-01631000",2001-01-09,"Stable, normal stage",1,2001,1.14,0.107,0.9
"531","USGS-01631000",1977-02-15,"Not determined",2,1977,1.6,0.77,NA
"532","USGS-01631000",2016-11-17,"Stable, normal stage",11,2016,0.3,NA,1.05
"533","USGS-01631000",1986-03-27,"Stable, normal stage",3,1986,0.98,0.031,NA
"534","USGS-01631000",1999-03-19,"Rising stage",3,1999,1.33,0.356,34
"535","USGS-01631000",2010-12-02,"Rising stage",12,2010,0.56,0.015,80
"536","USGS-01631000",2016-12-01,"Rising stage",12,2016,0.53,0.009,10.1
"537","USGS-01631000",2010-12-03,"Falling stage",12,2010,0.77,0.025,73
"538","USGS-01631000",2010-01-19,"Not applicable",1,2010,2.02,0.037,11
"539","USGS-01631000",2010-03-09,"Rising stage",3,2010,1.57,0.006,6
"540","USGS-01631000",2010-01-26,"Peak stage",1,2010,0.95,0.184,NA
"541","USGS-01631000",2017-01-24,"Rising stage",1,2017,0.8,0.012,101
"542","USGS-01631000",2017-01-25,"Falling stage",1,2017,1.36,0.08,178
"543","USGS-01631000",2017-12-07,"Stable, normal stage",12,2017,0.49,NA,1.73
"544","USGS-01631000",2017-01-06,"Falling stage",1,2017,0.87,NA,3.89
"545","USGS-01631000",2007-04-17,"Peak stage",4,2007,0.83,0.184,185
"546","USGS-01631000",2011-12-08,"Rising stage",12,2011,0.7,0.018,77
"547","USGS-01631000",2017-11-16,"Stable, normal stage",11,2017,0.54,NA,1.62
"548","USGS-01631000",2005-03-09,"Rising stage",3,2005,1.15,0.04,31
"549","USGS-01631000",2017-01-19,"Stable, normal stage",1,2017,1.02,0.012,3.01
"550","USGS-01631000",1999-12-13,"Stable, low stage",12,1999,0.98,0.205,5
"551","USGS-01631000",2011-12-09,"Falling stage",12,2011,1.31,0.279,351
"552","USGS-01631000",1975-01-01,"Not determined",1,1975,1.8,0.4,NA
"553","USGS-01631000",2011-01-25,"Stable, normal stage",1,2011,0.89,0.012,0.7
"554","USGS-01631000",2011-11-30,"Rising stage",11,2011,0.48,0.006,36
"555","USGS-01631000",2017-12-20,"Stable, normal stage",12,2017,0.71,NA,1.03
"556","USGS-01631000",2017-02-23,"Stable, normal stage",2,2017,0.92,0.012,0.62
"557","USGS-01631000",2011-03-08,"Peak stage",3,2011,0.82,0.031,100
"558","USGS-01631000",2011-02-07,"Falling stage",2,2011,1.4,0.028,2
"559","USGS-01631000",2018-11-26,"Falling stage",11,2018,1.6,0.276,175
"560","USGS-01631000",2018-01-18,"Stable, normal stage",1,2018,1.25,0.012,36.2
"561","USGS-01631000",2018-02-27,"Rising stage",2,2018,0.92,0.009,14.5
"562","USGS-01631000",2012-01-19,"Falling stage",1,2012,1.14,0.018,3
"563","USGS-01631000",2012-03-02,"Rising stage",3,2012,0.96,0.006,53
"564","USGS-01631000",2018-02-07,"Rising stage",2,2018,0.7,NA,8.98
"565","USGS-01631000",2018-12-17,"Falling stage",12,2018,1.19,0.209,120
"566","USGS-01631000",1998-03-17,"Rising stage",3,1998,1.59,0.095,7
"567","USGS-01631000",2018-02-01,"Stable, normal stage",2,2018,0.69,0.009,2.59
"568","USGS-01631000",2018-11-15,"Falling stage",11,2018,1.4,0.071,36.3
"569","USGS-01631000",2012-12-18,"Stable, normal stage",12,2012,0.62,0.015,0.4
"570","USGS-01631000",2018-02-22,"Falling stage",2,2018,0.74,0.006,5.53
"571","USGS-01631000",2018-12-20,"Falling stage",12,2018,1.57,0.043,11.7
"572","USGS-01631000",2006-12-14,"Stable, normal stage",12,2006,1.83,0.012,1
"573","USGS-01631000",2007-12-19,"Stable, normal stage",12,2007,1.02,0.11,2
"574","USGS-01631000",2019-02-19,"Rising stage",2,2019,1.67,0.006,4.78
"575","USGS-01631000",2019-12-05,"Stable, normal stage",12,2019,0.83,NA,0.83
"576","USGS-01631000",2013-01-31,"Rising stage",1,2013,0.87,0.018,144
"577","USGS-01631000",2013-02-01,"Peak stage",2,2013,1.1,0.08,299
"578","USGS-01631000",2019-11-21,"Stable, normal stage",11,2019,0.82,NA,2.15
"579","USGS-01631000",2019-02-26,"Falling stage",2,2019,1.4,0.135,123
"580","USGS-01631000",2019-01-30,"Falling stage",1,2019,1.8,0.021,3.3
"581","USGS-01631000",2013-02-19,"Falling stage",2,2013,1.73,0.012,0.6
"582","USGS-01631000",1999-03-17,"Rising stage",3,1999,1.06,0.273,3
"583","USGS-01631000",2013-12-09,"Rising stage",12,2013,0.67,0.009,15
"584","USGS-01631000",2019-12-19,"Falling stage",12,2019,0.99,NA,1.88
"585","USGS-01631000",2019-11-04,"Falling stage",11,2019,0.8,NA,2.95
"586","USGS-01631000",2014-01-27,"Peak stage",1,2014,1.73,0.012,7
"587","USGS-01631000",1976-02-01,"Not determined",2,1976,1.3,0.25,NA
"588","USGS-01631000",2020-11-19,"Stable, normal stage",11,2020,1.2,0.071,4.82
"589","USGS-01631000",1999-03-16,"Rising stage",3,1999,0.99,0.322,1
"590","USGS-01631000",2020-01-15,"Falling stage",1,2020,1.16,NA,26.3
"591","USGS-01631000",2020-12-02,"Falling stage",12,2020,1.38,0.021,26.4
"592","USGS-01631000",2020-01-28,"Falling stage",1,2020,1.11,0.031,43.1
"593","USGS-01631000",2020-01-23,"Stable, normal stage",1,2020,1.07,NA,0.39
"594","USGS-01631000",2020-02-20,"Falling stage",2,2020,1.31,NA,2.64
"595","USGS-01631000",2020-12-21,"Falling stage",12,2020,1.52,0.034,3.53
"596","USGS-01631000",2014-02-05,"Falling stage",2,2014,1.45,0.181,229
"597","USGS-01631000",2021-02-26,"Stable, high stage",2,2021,1.55,0.028,18.6
"598","USGS-01631000",2021-02-17,"Peak stage",2,2021,1.73,0.012,44.2
"599","USGS-01631000",2021-02-10,"Stable, normal stage",2,2021,1.7,NA,2.89
"600","USGS-01631000",2021-03-03,"Falling stage",3,2021,1.13,0.08,132
"601","USGS-01631000",2021-01-21,"Falling stage",1,2021,2.08,NA,2.19
"602","USGS-01631000",2021-01-13,"Falling stage",1,2021,2.69,0.018,1.31
"603","USGS-01631000",2015-01-28,"Falling stage",1,2015,1.06,0.009,16
"604","USGS-01631000",1981-11-16,"Not determined",11,1981,1,0.49,NA
"605","USGS-01631000",2015-01-26,"Rising stage",1,2015,0.99,0.018,9
"606","USGS-01631000",1981-01-06,"Not determined",1,1981,2.2,0.71,NA
"607","USGS-01631000",2015-11-19,"Stable, normal stage",11,2015,0.5,0.009,2.1
"608","USGS-01631000",2009-02-12,"Stable, normal stage",2,2009,0.82,0.015,3
"609","USGS-01631000",2015-12-03,"Rising stage",12,2015,1.16,0.009,33.2
"610","USGS-01631000",2021-12-16,"Stable, normal stage",12,2021,1.08,NA,0.64
"611","USGS-01631000",2021-11-18,"Stable, normal stage",11,2021,0.91,0.025,1.66
"612","USGS-01631000",2022-01-20,"Stable, normal stage",1,2022,1.04,0.009,2.34
